reference,topics
316215,Agricultural sciences
322827,Agricultural sciences
328312,Agricultural sciences
328310,Agricultural sciences
328311,Agricultural sciences
328313,Agricultural sciences
328309,Agricultural sciences
326987,Agricultural sciences
318178,Agricultural sciences
326110,Agricultural sciences
321441,Agricultural sciences
327342,Agricultural sciences
327223,Agricultural sciences
327222,Agricultural sciences
327214,Agricultural sciences
327221,Agricultural sciences
327350,Agricultural sciences
327700,Agricultural sciences
327699,Agricultural sciences
327698,Agricultural sciences
327236,Agricultural sciences
317829,Analytical chemistry
321472,Analytical chemistry
323240,Analytical chemistry
323433,Analytical chemistry
329012,Analytical chemistry
334814,Analytical chemistry
327733,Analytical chemistry
327732,Analytical chemistry
327734,Analytical chemistry
317686,Analytical chemistry
325672,Analytical chemistry
331774,Analytical chemistry
333659,Analytical chemistry
334247,Anthropology and ethnology
326570,Anthropology and ethnology
315979,Anthropology and ethnology
325238,Anthropology and ethnology
324427,Anthropology and ethnology
324105,Anthropology and ethnology
322916,Anthropology and ethnology
332143,Anthropology and ethnology
327633,Anthropology and ethnology
328886,Anthropology and ethnology
328940,Anthropology and ethnology
336225,Anthropology and ethnology
318782,Anthropology and ethnology
325779,Anthropology and ethnology
316942,Anthropology and ethnology
326602,Anthropology and ethnology
312694,Anthropology and ethnology
312692,Anthropology and ethnology
312689,Anthropology and ethnology
326604,Anthropology and ethnology
312691,Anthropology and ethnology
326605,Anthropology and ethnology
312693,Anthropology and ethnology
333858,Applied linguistics
331297,Applied linguistics
332470,Applied linguistics
331903,Applied linguistics
333672,Applied linguistics
315581,Applied linguistics
325535,Applied linguistics
323114,Applied linguistics
315980,Applied linguistics
323800,Applied mathematics
323798,Applied mathematics
325430,Applied mathematics
322221,Applied mathematics
324611,Applied mathematics
326961,Applied mathematics
314879,Applied mathematics
314701,Applied mathematics
319274,Applied mathematics
320082,Applied mathematics
320022,Applied mathematics
312122,Applied mathematics
312340,Applied mathematics
312124,Applied mathematics
326585,Applied mathematics
312120,Applied mathematics
312126,Applied mathematics
312343,Applied mathematics
312119,Applied mathematics
326590,Applied mathematics
312341,Applied mathematics
312121,Applied mathematics
312345,Applied mathematics
312123,Applied mathematics
312339,Applied mathematics
312125,Applied mathematics
312342,Applied mathematics
312344,Applied mathematics
320113,Applied mathematics
318303,Applied mathematics
315366,Applied mathematics
326668,Applied mathematics
317165,Applied mathematics
323772,Applied mathematics
330623,Applied mathematics
333485,Applied mathematics
331954,Applied mathematics
333551,Applied mathematics
334588,Applied mathematics
334527,Applied mathematics
334465,Applied mathematics
330497,Applied mathematics
332809,Applied mathematics
318175,Applied mathematics
315471,Applied mathematics
326123,Applied mathematics
331833,Applied mathematics
333448,Applied mathematics
326454,Applied mathematics
316542,Applied mathematics
330522,Applied mathematics
334817,Applied mathematics
334816,Applied mathematics
332396,Archaeology
315540,Archaeology
322783,Archaeology
315164,Archaeology
327060,Archaeology
335779,Archaeology
319965,Archaeology
329257,Archaeology
329258,Archaeology
329259,Archaeology
314622,Archaeology
316431,Archaeology
317567,Archaeology
322331,Archaeology
323428,Archaeology
314597,Architecture
314788,Architecture
317279,Architecture
316072,Art research
316549,Art research
321599,Art research
326538,Art research
319370,Art research
319909,Art research
319946,Art research
328793,Art research
326574,Art research
312395,Art research
326576,Art research
312440,Art research
321771,Art research
321467,Art research
317383,Astronomy
317636,Astronomy
324504,Astronomy
320085,Astronomy
320045,Astronomy
328898,Astronomy
334693,Astronomy
317552,Astronomy
321674,Astronomy
322779,Astronomy
324550,Astronomy
331951,Astronomy
316932,Astronomy
318431,Astronomy
332666,Astronomy
317204,Atomic and molecular physics
322002,Atomic and molecular physics
330488,Atomic and molecular physics
319457,Atomic and molecular physics
325550,Atomic and molecular physics
322371,Atomic and molecular physics
334338,Atomic and molecular physics
330118,Atomic and molecular physics
316347,Atomic and molecular physics
331532,Atomic and molecular physics
316811,Automation and systems technology
316810,Automation and systems technology
322637,Automation and systems technology
317726,Automation and systems technology
320043,Automation and systems technology
319011,Automation and systems technology
328400,Automation and systems technology
328399,Automation and systems technology
328401,Automation and systems technology
315660,Automation and systems technology
321514,Biocatalysis
321503,Biocatalysis
323413,Biocatalysis
333981,"Biochemistry, biophysics"
332967,"Biochemistry, biophysics"
315950,"Biochemistry, biophysics"
315272,"Biochemistry, biophysics"
318182,"Biochemistry, biophysics"
322609,"Biochemistry, biophysics"
325464,"Biochemistry, biophysics"
322226,"Biochemistry, biophysics"
321762,"Biochemistry, biophysics"
323435,"Biochemistry, biophysics"
315596,"Biochemistry, biophysics"
321723,"Biochemistry, biophysics"
331324,"Biochemistry, biophysics"
330678,"Biochemistry, biophysics"
330776,"Biochemistry, biophysics"
319299,"Biochemistry, biophysics"
326670,"Biochemistry, biophysics"
319270,"Biochemistry, biophysics"
319194,"Biochemistry, biophysics"
319257,"Biochemistry, biophysics"
335520,"Biochemistry, biophysics"
335377,"Biochemistry, biophysics"
319902,"Biochemistry, biophysics"
328975,"Biochemistry, biophysics"
335902,"Biochemistry, biophysics"
335891,"Biochemistry, biophysics"
314890,"Biochemistry, biophysics"
316486,"Biochemistry, biophysics"
318484,"Biochemistry, biophysics"
317964,"Biochemistry, biophysics"
317480,"Biochemistry, biophysics"
325972,"Biochemistry, biophysics"
325907,"Biochemistry, biophysics"
325306,"Biochemistry, biophysics"
325941,"Biochemistry, biophysics"
325597,"Biochemistry, biophysics"
325960,"Biochemistry, biophysics"
325889,"Biochemistry, biophysics"
325598,"Biochemistry, biophysics"
326120,"Biochemistry, biophysics"
325628,"Biochemistry, biophysics"
315140,"Biochemistry, biophysics"
318333,"Biochemistry, biophysics"
323021,"Biochemistry, biophysics"
322917,"Biochemistry, biophysics"
332615,"Biochemistry, biophysics"
321598,Bioenergy research
328952,Bioenergy research
329511,Bioenergy research
329512,Bioenergy research
329510,Bioenergy research
314885,Bioenergy research
315961,Bioenergy research
315904,Bioenergy research
317924,Bioenergy research
322423,Biological and soft matter physics
322429,Biological and soft matter physics
316219,Biological and soft matter physics
327703,Biological and soft matter physics
320023,Biological and soft matter physics
325840,Biological and soft matter physics
324975,Biological and soft matter physics
319467,Biomass refinery technology
327866,Biomass refinery technology
327865,Biomass refinery technology
333238,Biomaterials
323597,Biomaterials
323596,Biomaterials
325276,Biomaterials
321996,Biomaterials
327810,Biomaterials
328854,Biomaterials
314947,Biomaterials
324082,Biomaterials
331637,Biomaterials
332106,Biomaterials
320249,Biomedicine
319083,Biomedicine
319060,Biomedicine
333545,Biomedicine
331108,Biomedicine
332454,Biomedicine
333302,Biomedicine
333050,Biomedicine
333284,Biomedicine
334525,Biomedicine
331793,Biomedicine
332697,Biomedicine
333974,Biomedicine
330606,Biomedicine
330809,Biomedicine
331787,Biomedicine
331237,Biomedicine
332564,Biomedicine
316796,Biomedicine
317022,Biomedicine
316800,Biomedicine
317399,Biomedicine
315948,Biomedicine
315762,Biomedicine
314880,Biomedicine
317755,Biomedicine
315568,Biomedicine
323706,Biomedicine
323036,Biomedicine
323037,Biomedicine
322010,Biomedicine
322013,Biomedicine
323035,Biomedicine
325510,Biomedicine
322012,Biomedicine
325965,Biomedicine
325498,Biomedicine
324958,Biomedicine
322632,Biomedicine
316340,Biomedicine
315351,Biomedicine
321535,Biomedicine
321809,Biomedicine
325905,Biomedicine
330876,Biomedicine
332589,Biomedicine
328529,Biomedicine
328687,Biomedicine
327378,Biomedicine
335742,Biomedicine
335242,Biomedicine
335456,Biomedicine
320111,Biomedicine
320136,Biomedicine
328835,Biomedicine
328807,Biomedicine
328933,Biomedicine
336530,Biomedicine
336269,Biomedicine
312041,Biomedicine
312075,Biomedicine
312063,Biomedicine
312073,Biomedicine
312074,Biomedicine
312076,Biomedicine
312062,Biomedicine
312072,Biomedicine
334813,Biomedicine
334812,Biomedicine
326238,Biomedicine
326235,Biomedicine
326249,Biomedicine
326232,Biomedicine
326237,Biomedicine
334781,Biomedicine
334774,Biomedicine
334782,Biomedicine
334776,Biomedicine
319405,Biomedicine
319983,Biomedicine
320013,Biomedicine
319969,Biomedicine
320036,Biomedicine
320037,Biomedicine
320001,Biomedicine
319982,Biomedicine
319985,Biomedicine
328046,Biomedicine
328044,Biomedicine
328040,Biomedicine
328045,Biomedicine
327970,Biomedicine
328981,Biomedicine
320185,Biomedicine
326674,Biomedicine
316324,Biomedicine
316130,Biomedicine
322979,Biomedicine
321578,Biomedicine
319280,Biomedicine
319187,Biomedicine
320149,Biomedicine
320297,Biomedicine
327274,Biomedicine
323623,Biomedicine
323301,Biomedicine
323762,Biomedicine
326211,Biomedicine
324348,Biomedicine
315585,Biomedicine
325809,Biomedicine
328437,Biomedicine
329278,Biomedicine
329743,Biomedicine
329742,Biomedicine
330253,Biomedicine
329277,Biomedicine
330255,Biomedicine
329741,Biomedicine
330254,Biomedicine
317599,Biomedicine
316435,Biomedicine
316323,Biomedicine
317206,Biomedicine
321867,Biomedicine
321398,Biomedicine
334273,Biomedicine
330178,Biomedicine
326361,Bioprocess engineering
316657,Bioprocess engineering
326360,Bioprocess engineering
319910,Bioprocess engineering
329227,Bioprocess engineering
329228,Bioprocess engineering
333607,Business administration
333299,Business administration
316020,Business administration
315667,Business administration
317400,Business administration
316972,Business administration
315665,Business administration
323119,Business administration
325866,Business administration
322188,Business administration
322357,Business administration
324215,Business administration
323282,Business administration
318601,Business administration
323660,Business administration
321362,Business administration
335535,Business administration
319951,Business administration
328922,Business administration
328915,Business administration
319316,Business administration
318464,Business administration
317910,Business administration
316812,Business administration
315604,Business administration
315220,Business administration
322640,Business administration
331576,Business administration
320217,Business administration
320215,Business administration
320298,Business administration
320299,Business administration
327300,Business administration
336284,Business administration
327339,Business administration
327296,Business administration
327385,Business administration
327303,Business administration
327510,Business administration
327299,Business administration
327298,Business administration
327343,Business administration
327377,Business administration
329750,Business administration
319088,Cellular and molecular biology
331556,Cellular and molecular biology
332458,Cellular and molecular biology
332660,Cellular and molecular biology
331946,Cellular and molecular biology
331998,Cellular and molecular biology
333021,Cellular and molecular biology
330281,Cellular and molecular biology
333866,Cellular and molecular biology
330411,Cellular and molecular biology
332582,Cellular and molecular biology
332258,Cellular and molecular biology
333583,Cellular and molecular biology
314706,Cellular and molecular biology
317867,Cellular and molecular biology
315077,Cellular and molecular biology
314925,Cellular and molecular biology
317871,Cellular and molecular biology
315616,Cellular and molecular biology
318499,Cellular and molecular biology
315139,Cellular and molecular biology
317597,Cellular and molecular biology
324929,Cellular and molecular biology
324730,Cellular and molecular biology
322098,Cellular and molecular biology
322638,Cellular and molecular biology
322647,Cellular and molecular biology
321716,Cellular and molecular biology
322178,Cellular and molecular biology
321850,Cellular and molecular biology
326100,Cellular and molecular biology
324238,Cellular and molecular biology
325015,Cellular and molecular biology
323670,Cellular and molecular biology
317807,Cellular and molecular biology
324009,Cellular and molecular biology
322396,Cellular and molecular biology
323096,Cellular and molecular biology
325040,Cellular and molecular biology
321961,Cellular and molecular biology
332821,Cellular and molecular biology
330098,Cellular and molecular biology
330053,Cellular and molecular biology
332920,Cellular and molecular biology
319195,Cellular and molecular biology
319324,Cellular and molecular biology
319306,Cellular and molecular biology
319221,Cellular and molecular biology
319243,Cellular and molecular biology
327181,Cellular and molecular biology
335249,Cellular and molecular biology
320114,Cellular and molecular biology
328928,Cellular and molecular biology
328847,Cellular and molecular biology
328892,Cellular and molecular biology
328861,Cellular and molecular biology
328930,Cellular and molecular biology
336299,Cellular and molecular biology
336455,Cellular and molecular biology
336126,Cellular and molecular biology
335945,Cellular and molecular biology
326358,Cellular and molecular biology
319864,Cellular and molecular biology
319882,Cellular and molecular biology
319818,Cellular and molecular biology
319189,Cellular and molecular biology
319980,Cellular and molecular biology
319819,Cellular and molecular biology
328758,Cellular and molecular biology
328759,Cellular and molecular biology
328255,Cellular and molecular biology
320161,Cellular and molecular biology
326102,Cellular and molecular biology
330945,Cellular and molecular biology
327837,Cellular and molecular biology
328576,Cellular and molecular biology
330230,Cellular and molecular biology
330033,Cellular and molecular biology
330034,Cellular and molecular biology
329264,Cellular and molecular biology
330031,Cellular and molecular biology
316647,Cellular and molecular biology
315759,Cellular and molecular biology
315227,Cellular and molecular biology
324487,Cellular and molecular biology
321493,Cellular and molecular biology
325978,Cellular and molecular biology
324952,Cellular and molecular biology
332402,Cellular and molecular biology
332946,Cellular and molecular biology
332096,Cellular and molecular biology
315452,Ceramic materials
315453,Ceramic materials
326426,Ceramic materials
315451,Ceramic materials
317739,Chemistry
317259,Chemistry
324680,Chemistry
322610,Chemistry
318422,Chemistry
330076,Chemistry
319453,Chemistry
320102,Chemistry
329563,Chemistry
329564,Chemistry
316211,Chemistry
326063,Chemistry
333788,Chemistry
331475,Chemistry
314794,Chemistry
324414,Chemistry
333905,Chemistry
331659,Chemistry
330800,Chemistry
328077,Chemistry
328079,Chemistry
328078,Chemistry
327213,Chemistry
327838,Chemistry
327196,Chemistry
327209,Chemistry
327330,Chemistry
327193,Chemistry
327194,Chemistry
327178,Chemistry
327195,Chemistry
319398,Church history
326564,Church sociology
316141,Church sociology
333349,Clinical medicine
332444,Clinical medicine
331282,Clinical medicine
330724,Clinical medicine
330822,Clinical medicine
332017,Clinical medicine
332445,Clinical medicine
315908,Clinical medicine
314847,Clinical medicine
317290,Clinical medicine
316061,Clinical medicine
315547,Clinical medicine
325667,Clinical medicine
322664,Clinical medicine
322661,Clinical medicine
322663,Clinical medicine
322656,Clinical medicine
322662,Clinical medicine
325395,Clinical medicine
324529,Clinical medicine
321763,Clinical medicine
324160,Clinical medicine
316563,Clinical medicine
315969,Clinical medicine
327969,Clinical medicine
327152,Clinical medicine
320132,Clinical medicine
320107,Clinical medicine
320131,Clinical medicine
334835,Clinical medicine
326248,Clinical medicine
319856,Clinical medicine
315556,Clinical medicine
315921,Clinical medicine
318075,Clinical medicine
315755,Clinical medicine
318401,Clinical medicine
317061,Clinical medicine
322894,Clinical medicine
323499,Clinical medicine
324944,Clinical medicine
324070,Clinical medicine
324987,Clinical medicine
323098,Clinical medicine
322381,Clinical medicine
324953,Clinical medicine
324926,Clinical medicine
330902,Clinical medicine
333525,Clinical medicine
330343,Clinical medicine
330841,Clinical medicine
333983,Clinical medicine
318642,Clinical medicine
318730,Clinical medicine
318643,Clinical medicine
317346,Clinical medicine
325035,Clinical medicine
332151,Clinical medicine
317363,Clinical medicine
322123,Clinical medicine
318024,Combustion technology
333917,Combustion technology
319353,Combustion technology
332784,Combustion technology
317669,Communications engineering
315858,Communications engineering
323698,Communications engineering
323244,Communications engineering
326196,Communications engineering
321265,Communications engineering
319214,Communications engineering
329056,Communications engineering
328869,Communications engineering
333967,Communications engineering
326301,Communications engineering
319993,Communications engineering
319992,Communications engineering
319991,Communications engineering
319994,Communications engineering
327035,Communications engineering
319008,Communications engineering
319009,Communications engineering
319058,Communications engineering
319059,Communications engineering
328215,Communications engineering
328226,Communications engineering
328216,Communications engineering
328214,Communications engineering
319758,Communications engineering
319759,Communications engineering
319710,Communications engineering
319485,Communications engineering
319578,Communications engineering
319579,Communications engineering
319484,Communications engineering
317220,Communications engineering
321845,Communications engineering
325486,Communications engineering
325692,Communications engineering
331694,Communications engineering
326460,Communications engineering
317533,Communications engineering
334000,Communications engineering
333366,Community planning
333368,Community planning
315772,Community planning
316136,Community planning
334157,Comparative religion
325148,Comparative religion
323235,Comparative religion
314751,Comparative religion
319953,Comparative religion
325641,Comparative religion
325541,Comparative religion
324109,Comparative religion
314803,Computational data analysis
325117,Computational data analysis
322046,Computational data analysis
324852,Computational data analysis
316253,Computational data analysis
319323,Computational data analysis
328891,Computational data analysis
326270,Computational data analysis
319264,Computational data analysis
321901,Computational data analysis
321900,Computational data analysis
315376,Computational data analysis
318516,Computational science
318437,Computational science
321890,Computational science
321891,Computational science
321761,Computational science
326495,Computational science
315795,Computational science
323116,Computational science
334600,Computational science
327064,Computational science
326494,Computational science
320072,Computational science
334579,Computational science
328754,Computational science
328813,Computational science
328755,Computational science
319669,Computational science
319670,Computational science
333260,Computational science
315492,Computational science
326452,Computational science
314647,Computational science
332368,Computational science
334058,Computational science
326305,"Computer engineering, computer architecture"
324576,"Computer engineering, computer architecture"
316771,Computer science
317432,Computer science
316765,Computer science
325530,Computer science
322869,Computer science
324346,Computer science
323233,Computer science
324345,Computer science
319454,Computer science
328875,Computer science
326304,Computer science
320183,Computer science
320181,Computer science
320182,Computer science
319017,Computer science
327912,Computer science
328718,Computer science
327911,Computer science
328729,Computer science
327910,Computer science
328115,Computer science
328698,Computer science
325573,Computer science
325570,Computer science
325572,Computer science
334790,Computer science
318441,Computer science
316908,Computer science
317049,Computer science
326077,Computer science
333946,Computer science
330252,Computer science
317875,Computer science
323630,Computer science
323287,Computer science
325774,Computer science
331146,Computer science
331822,Computer science
331266,Computer science
327353,Computer science
327356,Computer science
327352,Computer science
327355,Computer science
327354,Computer science
327357,Computer science
318995,Condensed matter physics
317464,Condensed matter physics
316551,Condensed matter physics
315082,Condensed matter physics
334713,Condensed matter physics
316857,Condensed matter physics
322832,Condensed matter physics
321982,Condensed matter physics
321981,Condensed matter physics
321983,Condensed matter physics
322580,Condensed matter physics
325480,Condensed matter physics
317918,Condensed matter physics
316619,Condensed matter physics
321416,Condensed matter physics
332347,Condensed matter physics
331342,Condensed matter physics
330384,Condensed matter physics
319178,Condensed matter physics
334707,Condensed matter physics
319218,Condensed matter physics
327804,Condensed matter physics
328611,Condensed matter physics
320021,Condensed matter physics
320086,Condensed matter physics
328845,Condensed matter physics
320555,Condensed matter physics
327293,Condensed matter physics
318500,Condensed matter physics
325408,Condensed matter physics
321700,Condensed matter physics
331737,Condensed matter physics
333099,Condensed matter physics
332429,Condensed matter physics
331371,Condensed matter physics
323752,Construction and municipal engineering
323750,Construction and municipal engineering
323783,Construction and municipal engineering
330217,Construction and municipal engineering
316777,Dental science
326189,Dental science
320449,Development research
320236,Development research
322097,Development research
323051,Development research
316725,Development research
327210,Development research
319938,Development research
316100,Development research
316098,Development research
318665,Development research
317319,Development research
317320,Development research
331261,Developmental biology and physiology
318287,Developmental biology and physiology
315947,Developmental biology and physiology
315030,Developmental biology and physiology
321910,Developmental biology and physiology
315506,Developmental biology and physiology
315710,Developmental biology and physiology
319282,Developmental biology and physiology
335804,Developmental biology and physiology
335297,Developmental biology and physiology
319906,Developmental biology and physiology
320106,Developmental biology and physiology
333750,Developmental biology and physiology
317342,Developmental biology and physiology
323858,Developmental biology and physiology
328286,Developmental biology and physiology
318332,Developmental biology and physiology
322312,Developmental biology and physiology
332695,Developmental biology and physiology
316836,"Developmental psychology, educational psychology"
316835,"Developmental psychology, educational psychology"
317610,"Developmental psychology, educational psychology"
323910,"Developmental psychology, educational psychology"
316852,"Developmental psychology, educational psychology"
323773,"Developmental psychology, educational psychology"
331525,"Developmental psychology, educational psychology"
335696,"Developmental psychology, educational psychology"
319901,"Developmental psychology, educational psychology"
319932,"Developmental psychology, educational psychology"
328839,"Developmental psychology, educational psychology"
336148,"Developmental psychology, educational psychology"
318353,"Developmental psychology, educational psychology"
332962,"Developmental psychology, educational psychology"
331772,Early childhood education and preschool education
321374,Early childhood education and preschool education
319124,"Ecology, evolutionary biology and ecophysiology"
333868,"Ecology, evolutionary biology and ecophysiology"
330886,"Ecology, evolutionary biology and ecophysiology"
331527,"Ecology, evolutionary biology and ecophysiology"
332149,"Ecology, evolutionary biology and ecophysiology"
332174,"Ecology, evolutionary biology and ecophysiology"
330887,"Ecology, evolutionary biology and ecophysiology"
334276,"Ecology, evolutionary biology and ecophysiology"
331046,"Ecology, evolutionary biology and ecophysiology"
331995,"Ecology, evolutionary biology and ecophysiology"
331631,"Ecology, evolutionary biology and ecophysiology"
333803,"Ecology, evolutionary biology and ecophysiology"
317495,"Ecology, evolutionary biology and ecophysiology"
315927,"Ecology, evolutionary biology and ecophysiology"
318230,"Ecology, evolutionary biology and ecophysiology"
314702,"Ecology, evolutionary biology and ecophysiology"
315987,"Ecology, evolutionary biology and ecophysiology"
315776,"Ecology, evolutionary biology and ecophysiology"
316182,"Ecology, evolutionary biology and ecophysiology"
321471,"Ecology, evolutionary biology and ecophysiology"
324014,"Ecology, evolutionary biology and ecophysiology"
323967,"Ecology, evolutionary biology and ecophysiology"
321991,"Ecology, evolutionary biology and ecophysiology"
324648,"Ecology, evolutionary biology and ecophysiology"
324605,"Ecology, evolutionary biology and ecophysiology"
323711,"Ecology, evolutionary biology and ecophysiology"
322266,"Ecology, evolutionary biology and ecophysiology"
323504,"Ecology, evolutionary biology and ecophysiology"
321980,"Ecology, evolutionary biology and ecophysiology"
324602,"Ecology, evolutionary biology and ecophysiology"
322536,"Ecology, evolutionary biology and ecophysiology"
323527,"Ecology, evolutionary biology and ecophysiology"
324257,"Ecology, evolutionary biology and ecophysiology"
324392,"Ecology, evolutionary biology and ecophysiology"
314833,"Ecology, evolutionary biology and ecophysiology"
318404,"Ecology, evolutionary biology and ecophysiology"
325964,"Ecology, evolutionary biology and ecophysiology"
324988,"Ecology, evolutionary biology and ecophysiology"
321543,"Ecology, evolutionary biology and ecophysiology"
321584,"Ecology, evolutionary biology and ecophysiology"
324485,"Ecology, evolutionary biology and ecophysiology"
323843,"Ecology, evolutionary biology and ecophysiology"
325107,"Ecology, evolutionary biology and ecophysiology"
331515,"Ecology, evolutionary biology and ecophysiology"
330578,"Ecology, evolutionary biology and ecophysiology"
319262,"Ecology, evolutionary biology and ecophysiology"
319211,"Ecology, evolutionary biology and ecophysiology"
319313,"Ecology, evolutionary biology and ecophysiology"
319241,"Ecology, evolutionary biology and ecophysiology"
319240,"Ecology, evolutionary biology and ecophysiology"
328556,"Ecology, evolutionary biology and ecophysiology"
327741,"Ecology, evolutionary biology and ecophysiology"
335759,"Ecology, evolutionary biology and ecophysiology"
335651,"Ecology, evolutionary biology and ecophysiology"
335335,"Ecology, evolutionary biology and ecophysiology"
335567,"Ecology, evolutionary biology and ecophysiology"
319898,"Ecology, evolutionary biology and ecophysiology"
319949,"Ecology, evolutionary biology and ecophysiology"
328860,"Ecology, evolutionary biology and ecophysiology"
328895,"Ecology, evolutionary biology and ecophysiology"
328944,"Ecology, evolutionary biology and ecophysiology"
328856,"Ecology, evolutionary biology and ecophysiology"
328961,"Ecology, evolutionary biology and ecophysiology"
328855,"Ecology, evolutionary biology and ecophysiology"
328953,"Ecology, evolutionary biology and ecophysiology"
335971,"Ecology, evolutionary biology and ecophysiology"
336336,"Ecology, evolutionary biology and ecophysiology"
320127,"Ecology, evolutionary biology and ecophysiology"
329885,"Ecology, evolutionary biology and ecophysiology"
329884,"Ecology, evolutionary biology and ecophysiology"
329883,"Ecology, evolutionary biology and ecophysiology"
319912,"Ecology, evolutionary biology and ecophysiology"
319492,"Ecology, evolutionary biology and ecophysiology"
319914,"Ecology, evolutionary biology and ecophysiology"
319494,"Ecology, evolutionary biology and ecophysiology"
319493,"Ecology, evolutionary biology and ecophysiology"
319496,"Ecology, evolutionary biology and ecophysiology"
319491,"Ecology, evolutionary biology and ecophysiology"
319857,"Ecology, evolutionary biology and ecophysiology"
319495,"Ecology, evolutionary biology and ecophysiology"
319913,"Ecology, evolutionary biology and ecophysiology"
319490,"Ecology, evolutionary biology and ecophysiology"
319283,"Ecology, evolutionary biology and ecophysiology"
320438,"Ecology, evolutionary biology and ecophysiology"
327255,"Ecology, evolutionary biology and ecophysiology"
326327,"Ecology, evolutionary biology and ecophysiology"
326393,"Ecology, evolutionary biology and ecophysiology"
326315,"Ecology, evolutionary biology and ecophysiology"
326338,"Ecology, evolutionary biology and ecophysiology"
326533,"Ecology, evolutionary biology and ecophysiology"
326343,"Ecology, evolutionary biology and ecophysiology"
326323,"Ecology, evolutionary biology and ecophysiology"
329334,"Ecology, evolutionary biology and ecophysiology"
326534,"Ecology, evolutionary biology and ecophysiology"
315527,"Ecology, evolutionary biology and ecophysiology"
316866,"Ecology, evolutionary biology and ecophysiology"
316051,"Ecology, evolutionary biology and ecophysiology"
316185,"Ecology, evolutionary biology and ecophysiology"
318562,"Ecology, evolutionary biology and ecophysiology"
318164,"Ecology, evolutionary biology and ecophysiology"
316781,"Ecology, evolutionary biology and ecophysiology"
316782,"Ecology, evolutionary biology and ecophysiology"
322565,"Ecology, evolutionary biology and ecophysiology"
324369,"Ecology, evolutionary biology and ecophysiology"
326193,"Ecology, evolutionary biology and ecophysiology"
325992,"Ecology, evolutionary biology and ecophysiology"
324073,"Ecology, evolutionary biology and ecophysiology"
333170,"Ecology, evolutionary biology and ecophysiology"
333077,"Ecology, evolutionary biology and ecophysiology"
332488,"Ecology, evolutionary biology and ecophysiology"
333392,"Ecology, evolutionary biology and ecophysiology"
330148,"Ecology, evolutionary biology and ecophysiology"
334489,"Ecology, evolutionary biology and ecophysiology"
334653,"Ecology, evolutionary biology and ecophysiology"
332539,"Ecology, evolutionary biology and ecophysiology"
333458,"Ecology, evolutionary biology and ecophysiology"
318511,"Ecology, evolutionary biology and ecophysiology"
326047,"Ecology, evolutionary biology and ecophysiology"
334417,"Ecology, evolutionary biology and ecophysiology"
327509,"Ecology, evolutionary biology and ecophysiology"
328474,"Ecology, evolutionary biology and ecophysiology"
329440,"Ecology, evolutionary biology and ecophysiology"
329438,"Ecology, evolutionary biology and ecophysiology"
329441,"Ecology, evolutionary biology and ecophysiology"
329439,"Ecology, evolutionary biology and ecophysiology"
319288,"Ecology, evolutionary biology and ecophysiology"
316227,"Ecology, evolutionary biology and ecophysiology"
315163,"Ecology, evolutionary biology and ecophysiology"
316294,"Ecology, evolutionary biology and ecophysiology"
315691,"Ecology, evolutionary biology and ecophysiology"
315353,"Ecology, evolutionary biology and ecophysiology"
324523,"Ecology, evolutionary biology and ecophysiology"
323426,"Ecology, evolutionary biology and ecophysiology"
321609,"Ecology, evolutionary biology and ecophysiology"
323212,"Ecology, evolutionary biology and ecophysiology"
332999,"Ecology, evolutionary biology and ecophysiology"
333518,"Ecology, evolutionary biology and ecophysiology"
332716,"Ecology, evolutionary biology and ecophysiology"
330739,"Ecology, evolutionary biology and ecophysiology"
330845,"Ecology, evolutionary biology and ecophysiology"
315078,"Economic geography, regional development and tourism research"
319872,"Economic geography, regional development and tourism research"
318149,"Economic geography, regional development and tourism research"
332550,Economics
331102,Economics
330835,Economics
318527,Economics
318430,Economics
324824,Economics
323808,Economics
323810,Economics
325111,Economics
325218,Economics
325110,Economics
321968,Economics
315591,Economics
324416,Economics
328177,Economics
319854,Economics
328808,Economics
316538,Economics
316822,Economics
322282,Economics
331160,Economics
314346,Economics
318533,Economics
322074,Economics
331491,Economics
333400,Ecotoxicology and environmental impacts
319284,Ecotoxicology and environmental impacts
336261,Ecotoxicology and environmental impacts
331778,Education
333438,Education
331763,Education
333025,Education
332232,Education
315797,Education
314735,Education
315860,Education
315796,Education
326647,Education
317084,Education
325599,Education
322619,Education
324381,Education
322625,Education
322965,Education
323493,Education
323492,Education
324524,Education
335650,Education
328748,Education
324853,Education
332542,Education
318380,Education
314708,Education
318077,Education
316129,Education
323056,Education
325979,Education
322598,Education
325157,Education
323176,Education
331029,Education
332155,Education
331413,Education
312529,Education
312527,Education
312528,Education
326603,Education
312531,Education
312530,Education
313456,Education
334791,Education
322676,Electric power engineering
324676,Electric power engineering
323696,Electric power engineering
324675,Electric power engineering
324677,Electric power engineering
322673,Electric power engineering
316572,Electrical engineering
316571,Electrical engineering
325791,Electrical engineering
324887,Electrical engineering
334318,Electrical engineering
328072,Electrical engineering
332537,Electrical engineering
333570,Electrical engineering
323550,Electrical engineering
331820,Electrical engineering
333479,Electrical engineering
326443,Electrical engineering and electronics
317145,Electrical engineering and electronics
317144,Electrical engineering and electronics
323461,Electrical engineering and electronics
321613,Electrical engineering and electronics
323779,Electrical engineering and electronics
323719,Electrical engineering and electronics
330957,Electrical engineering and electronics
326490,Electrical engineering and electronics
319408,Electrical engineering and electronics
327789,Electrical engineering and electronics
326462,Electrical engineering and electronics
318960,Electrical engineering and electronics
319770,Electrical engineering and electronics
319681,Electrical engineering and electronics
319680,Electrical engineering and electronics
323857,Electrical engineering and electronics
318418,Electrical engineering and electronics
318103,Electrical engineering and electronics
319590,Electrical engineering and electronics
331810,Electrical engineering and electronics
323896,Electronics
324023,Electronics
325928,Electronics
319003,Electronics
319004,Electronics
319005,Electronics
320229,Energy engineering
320230,Energy engineering
317681,Energy engineering
315020,Energy engineering
315019,Energy engineering
334205,Energy engineering
329313,Energy engineering
329314,Energy engineering
329312,Energy engineering
329406,Energy engineering
319043,Energy engineering
319041,Energy engineering
326464,Energy engineering
319042,Energy engineering
319018,Energy engineering
322742,Energy engineering
323248,Energy engineering
333076,Energy engineering
319448,Environmental engineering
315103,Environmental engineering
322339,Environmental engineering
326848,Environmental engineering
326787,Environmental engineering
326842,Environmental engineering
322150,Environmental health research
334792,Environmental health research
329327,Environmental health research
329325,Environmental health research
329329,Environmental health research
329307,Environmental health research
329326,Environmental health research
329305,Environmental health research
329216,Environmental health research
329306,Environmental health research
329304,Environmental health research
329928,Environmental health research
329215,Environmental health research
329217,Environmental health research
329324,Environmental health research
329323,Environmental health research
334509,Environmental research
334422,Environmental research
330840,Environmental research
315415,Environmental research
317298,Environmental research
317297,Environmental research
318194,Environmental research
316014,Environmental research
323655,Environmental research
330165,Environmental research
328540,Environmental research
327726,Environmental research
336393,Environmental research
334787,Environmental research
319871,Environmental research
325382,Environmental research
325446,Environmental research
316504,Environmental research
324475,Environmental research
312934,Environmental research
312559,Environmental research
312650,Environmental research
312637,Environmental research
312931,Environmental research
312636,Environmental research
312638,Environmental research
312635,Environmental research
312912,Environmental research
312651,Environmental research
312739,Environmental research
312932,Environmental research
312933,Environmental research
312652,Environmental research
312747,Environmental research
313654,Environmental research
312744,Environmental research
329976,Environmental research
326851,Environmental research
330915,Environmental science
333564,Environmental science
323998,Environmental science
323997,Environmental science
321527,Environmental science
325549,Environmental science
317684,Environmental science
316401,Environmental science
330136,Environmental science
331426,Environmental science
319329,Environmental science
335317,Environmental science
319956,Environmental science
319952,Environmental science
336150,Environmental science
336442,Environmental science
334798,Environmental science
326321,Environmental science
326322,Environmental science
320124,Environmental science
329221,Environmental science
326309,Environmental science
314350,Environmental science
317054,Environmental science
316349,Environmental science
325140,Environmental science
322066,Environmental science
321780,Environmental science
332196,Environmental science
332547,Environmental science
326831,Environmental science
326818,Environmental science
333556,Environmental social science research
333231,Environmental social science research
333126,Environmental social science research
333127,Environmental social science research
315897,Environmental social science research
315898,Environmental social science research
315715,Environmental social science research
317914,Environmental social science research
324586,Environmental social science research
324493,Environmental social science research
321250,Environmental social science research
332353,Environmental social science research
328852,Environmental social science research
336083,Environmental social science research
319078,Environmental social science research
324499,Environmental social science research
315912,Environmental social science research
312623,Environmental social science research
312663,Environmental social science research
312625,Environmental social science research
326713,Environmental social science research
312624,Environmental social science research
312626,Environmental social science research
312627,Environmental social science research
327369,Environmental social science research
327284,Environmental social science research
327525,Environmental social science research
327634,Environmental social science research
327371,Environmental social science research
327370,Environmental social science research
330312,Exegetics
318102,Exegetics
325762,Exegetics
331827,Exegetics
335603,Exegetics
336202,Exegetics
322437,Exegetics
332808,Exegetics
335400,Film and television research
329269,Film and television research
329267,Film and television research
329268,Film and television research
329266,Film and television research
324796,Film and television research
315278,Fluid and plasma physics
324759,Fluid and plasma physics
320058,Fluid and plasma physics
328874,Fluid and plasma physics
333138,Folklore studies
333139,Folklore studies
322071,Folklore studies
330374,Folklore studies
328432,Folklore studies
336356,Folklore studies
331204,Folklore studies
322514,Food engineering
319919,Food engineering
320289,Food sciences
315274,Food sciences
325784,Food sciences
326052,Food sciences
316244,Food sciences
319150,Food sciences
332707,Forest sciences
315495,Forest sciences
317741,Forest sciences
325143,Forest sciences
324259,Forest sciences
325681,Forest sciences
325168,Forest sciences
325680,Forest sciences
325169,Forest sciences
327198,Forest sciences
326614,Forest sciences
326375,Forest sciences
322972,Forest sciences
322679,Forest sciences
315079,Forest sciences
321627,Forest sciences
332141,Forest sciences
334830,Forest sciences
334829,Forest sciences
318557,"Fuel cells, solar energy"
336577,"Fuel cells, solar energy"
322738,"Fuel cells, solar energy"
320100,"Fuel cells, solar energy"
336441,"Fuel cells, solar energy"
329016,"Fuel cells, solar energy"
324093,"Fuel cells, solar energy"
334826,"Fuel cells, solar energy"
316091,"Functional materials, semiconductors"
316882,"Functional materials, semiconductors"
316883,"Functional materials, semiconductors"
316881,"Functional materials, semiconductors"
321479,"Functional materials, semiconductors"
327331,"Functional materials, semiconductors"
318114,"Functional materials, semiconductors"
334466,"Functional materials, semiconductors"
324838,"Functional materials, semiconductors"
318010,General education and teacher education
327379,General education and teacher education
332583,Genetics
332212,Genetics
331256,Genetics
332982,Genetics
316664,Genetics
316282,Genetics
318137,Genetics
315740,Genetics
317998,Genetics
318337,Genetics
322980,Genetics
317239,Genetics
318288,Genetics
315589,Genetics
322732,Genetics
328685,Genetics
320145,Genetics
319947,Genetics
320129,Genetics
328979,Genetics
334766,Genetics
332585,Genetics
331405,Genetics
334229,Genetics
332459,Genetics
329930,Genetics
329932,Genetics
329931,Genetics
329933,Genetics
316458,Genetics
325937,Genetics
331320,Genetics
331671,Genetics
331284,Genetics
331957,Geography
315519,Geography
322652,Geography
318252,Geography
321555,Geography
328916,Geography
329239,Geography
329235,Geography
329241,Geography
329240,Geography
332563,Geography
333218,Geography
319905,Geoinformatics
327861,Geoinformatics
327862,Geoinformatics
323269,Geology
321869,Geology
333813,Geology
316306,Geophysics and -chemistry
325363,Geophysics and -chemistry
322475,Geophysics and -chemistry
333798,Geophysics and -chemistry
316799,Geosciences
315722,Geosciences
316704,Geosciences
315721,Geosciences
316702,Geosciences
322421,Geosciences
322430,Geosciences
322243,Geosciences
322252,Geosciences
322978,Geosciences
322432,Geosciences
316096,Geosciences
325397,Geosciences
319277,Geosciences
327358,Geosciences
320075,Geosciences
329043,Geosciences
328784,Geosciences
328786,Geosciences
328780,Geosciences
328984,Geosciences
328779,Geosciences
328776,Geosciences
328782,Geosciences
328781,Geosciences
328778,Geosciences
319798,Geosciences
315188,Geosciences
314914,Geosciences
325997,Geosciences
330182,Geosciences
333889,Geosciences
331862,Geosciences
334518,Geosciences
318561,Geosciences
323065,Geosciences
319263,Health psychology
331274,History
334450,History
330764,History
330071,History
330762,History
318458,History
314851,History
317994,History
322953,History
324778,History
323756,History
324135,History
324388,History
322426,History
325243,History
324246,History
316707,History
317751,History
323326,History
323489,History
323105,History
330839,History
333757,History
332891,History
326552,History
319322,History
328160,History
328678,History
335786,History
335532,History
319888,History
319955,History
328901,History
328694,History
328863,History
336192,History
336282,History
336218,History
326566,History
312204,History
319110,History
327187,History
317855,History
318495,History
314800,History
322417,History
321537,History
325204,History
324323,History
325309,History
325017,History
332492,History
334541,History
315047,History
316229,History
326558,History
315518,History
314908,History
322918,History
321947,History
321945,History
324808,History
323138,History
332117,History
330204,History
331488,History
331899,History
333717,History and archaeology
333716,History and archaeology
321803,History and archaeology
319426,History and archaeology
328496,History and archaeology
312053,History and archaeology
312052,History and archaeology
312051,History and archaeology
326560,History and archaeology
315083,History and archaeology
323947,History and archaeology
330409,History of philosophy
331620,History of philosophy
335693,History of philosophy
319916,History of philosophy
316013,Human geography
322025,Human geography
331549,Human geography
335515,Human geography
335645,Human geography
336228,Human geography
325405,Human geography
325069,Human geography
316621,Human geography
321755,Human geography
332793,Human geography
332648,Human geography
330128,Industrial biotechnology
317395,Industrial biotechnology
321853,Industrial biotechnology
335783,Industrial biotechnology
334822,Industrial biotechnology
332921,Industrial management
336146,Industrial management
334611,Industrial management
320194,Industrial management
320206,Industrial management
320311,Industrial management
320209,Industrial management
320205,Industrial management
320208,Industrial management
320207,Industrial management
315051,Industrial processes
329342,Informatics
329345,Informatics
329344,Informatics
329343,Informatics
324685,Information systems science
315888,Information systems science
317752,Information systems science
322019,Information systems science
324725,Information systems science
326065,Information systems science
334656,Information systems science
334595,Information systems science
317273,Inorganic chemistry
316207,Inorganic chemistry
315829,Inorganic chemistry
333565,Inorganic chemistry
320015,Inorganic chemistry
330100,Inorganic chemistry
319602,Inorganic chemistry
319586,Inorganic chemistry
319587,Inorganic chemistry
315416,Inorganic chemistry
324973,Inorganic chemistry
322786,Inorganic chemistry
334834,Inorganic chemistry
318240,International relations
325976,International relations
323705,International relations
323704,International relations
330345,International relations
336340,International relations
315061,International relations
331190,International relations
330455,International relations
315402,International relations
321952,International relations
333503,Journalism
336394,Journalism
320265,Journalism
320264,Journalism
320263,Journalism
322829,Journalism
324801,Journalism
325160,Journalism
333367,"Language, society and culture"
315478,"Language, society and culture"
322199,"Language, society and culture"
322733,"Language, society and culture"
324060,"Language, society and culture"
323848,"Language, society and culture"
327199,"Language, society and culture"
332182,"Language, society and culture"
323403,"Language, society and culture"
334633,"Language, society and culture"
315176,"Language, society and culture"
315461,"Language, society and culture"
323390,"Language, society and culture"
331555,"Language, society and culture"
332191,Law
332819,Law
332189,Law
330884,Law
332190,Law
330609,Law
332326,Law
317560,Law
315007,Law
322473,Law
324116,Law
323404,Law
321995,Law
328345,Law
328149,Law
335387,Law
312430,Law
312431,Law
312154,Law
330926,Law
321684,Law
314767,Law
325302,Law
324037,Law
332669,Law
330055,Law
332961,Library and information science
321266,Library and information science
332529,Linguistics
316865,Linguistics
314848,Linguistics
323013,Linguistics
324699,Linguistics
328911,Linguistics
323377,Linguistics
333944,Linguistics
314769,Literature research
326573,Literature research
314768,Literature research
315052,Literature research
325461,Literature research
316372,Literature research
332487,Literature research
330906,Literature research
319340,Literature research
319859,Literature research
336252,Literature research
336227,Literature research
333768,Literature research
330602,Luokittelematon
325208,Luokittelematon
325209,Luokittelematon
325207,Luokittelematon
323207,Luokittelematon
324393,Luokittelematon
318891,Luokittelematon
318927,Luokittelematon
318890,Luokittelematon
320173,Luokittelematon
320162,Luokittelematon
335648,Luokittelematon
335639,Luokittelematon
335527,Luokittelematon
335681,Luokittelematon
335524,Luokittelematon
335516,Luokittelematon
335579,Luokittelematon
335525,Luokittelematon
335635,Luokittelematon
335690,Luokittelematon
335870,Luokittelematon
335841,Luokittelematon
320403,Luokittelematon
320402,Luokittelematon
320404,Luokittelematon
320399,Luokittelematon
320401,Luokittelematon
320400,Luokittelematon
312050,Luokittelematon
312082,Luokittelematon
312094,Luokittelematon
312128,Luokittelematon
312142,Luokittelematon
312139,Luokittelematon
314193,Luokittelematon
314195,Luokittelematon
314273,Luokittelematon
314276,Luokittelematon
318214,Luokittelematon
318251,Luokittelematon
318269,Luokittelematon
314239,Luokittelematon
318626,Luokittelematon
318632,Luokittelematon
318635,Luokittelematon
319092,Luokittelematon
319093,Luokittelematon
319094,Luokittelematon
314523,Luokittelematon
314310,Luokittelematon
318791,Luokittelematon
318800,Luokittelematon
318801,Luokittelematon
318802,Luokittelematon
318793,Luokittelematon
313326,Luokittelematon
319087,Luokittelematon
319098,Luokittelematon
319099,Luokittelematon
319100,Luokittelematon
319101,Luokittelematon
319103,Luokittelematon
319104,Luokittelematon
319105,Luokittelematon
319106,Luokittelematon
318959,Luokittelematon
318961,Luokittelematon
318962,Luokittelematon
318963,Luokittelematon
319089,Luokittelematon
319091,Luokittelematon
314109,Luokittelematon
314110,Luokittelematon
314184,Luokittelematon
314185,Luokittelematon
314187,Luokittelematon
318875,Luokittelematon
318877,Luokittelematon
318878,Luokittelematon
318839,Luokittelematon
318976,Luokittelematon
319051,Luokittelematon
319052,Luokittelematon
319055,Luokittelematon
312629,Luokittelematon
312846,Luokittelematon
326596,Luokittelematon
326598,Luokittelematon
318945,Luokittelematon
318946,Luokittelematon
318763,Luokittelematon
318977,Luokittelematon
318978,Luokittelematon
318979,Luokittelematon
312465,Luokittelematon
312515,Luokittelematon
314214,Luokittelematon
314245,Luokittelematon
319118,Luokittelematon
319119,Luokittelematon
319120,Luokittelematon
319121,Luokittelematon
314453,Luokittelematon
318909,Luokittelematon
319095,Luokittelematon
319109,Luokittelematon
326615,Luokittelematon
312354,Luokittelematon
312355,Luokittelematon
318720,Luokittelematon
318721,Luokittelematon
318725,Luokittelematon
318734,Luokittelematon
318737,Luokittelematon
318738,Luokittelematon
319025,Luokittelematon
319027,Luokittelematon
319032,Luokittelematon
319033,Luokittelematon
318926,Luokittelematon
313920,Luokittelematon
318666,Luokittelematon
318899,Luokittelematon
318900,Luokittelematon
318901,Luokittelematon
318964,Luokittelematon
320237,Luokittelematon
320335,Luokittelematon
320084,Luokittelematon
326820,Luokittelematon
326822,Luokittelematon
326823,Luokittelematon
320374,Luokittelematon
320375,Luokittelematon
320376,Luokittelematon
325190,Luokittelematon
326117,Luokittelematon
324441,Luokittelematon
320063,Luokittelematon
326272,Luokittelematon
326273,Luokittelematon
326274,Luokittelematon
326275,Luokittelematon
326276,Luokittelematon
326295,Luokittelematon
326296,Luokittelematon
326297,Luokittelematon
319377,Luokittelematon
326263,Luokittelematon
326287,Luokittelematon
319193,Luokittelematon
320080,Luokittelematon
325777,Luokittelematon
320973,Luokittelematon
326227,Luokittelematon
326269,Luokittelematon
326228,Luokittelematon
326229,Luokittelematon
326230,Luokittelematon
319727,Luokittelematon
319850,Luokittelematon
326258,Luokittelematon
326260,Luokittelematon
325301,Luokittelematon
320101,Luokittelematon
326257,Luokittelematon
326290,Luokittelematon
320110,Marine technology
320014,Marine technology
333591,Marine technology
318203,Materials science and technology
326432,Materials science and technology
317878,Materials science and technology
318065,Materials science and technology
326391,Materials science and technology
318064,Materials science and technology
322754,Materials science and technology
322755,Materials science and technology
325185,Materials science and technology
325186,Materials science and technology
322752,Materials science and technology
317437,Materials science and technology
321443,Materials science and technology
333158,Materials science and technology
320090,Materials science and technology
328942,Materials science and technology
329477,Materials science and technology
326359,Materials science and technology
326345,Materials science and technology
320020,Materials science and technology
320017,Materials science and technology
320019,Materials science and technology
329093,Materials science and technology
334650,Materials science and technology
331682,Materials science and technology
318405,Materials science and technology
333805,Materials science and technology
315408,Materials science and technology
326447,Materials science and technology
314983,Materials science and technology
316973,Materials science and technology
326445,Materials science and technology
316416,Materials science and technology
321916,Materials science and technology
321244,Materials science and technology
321659,Materials science and technology
321801,Materials science and technology
324447,Materials science and technology
322518,Materials science and technology
332370,Materials science and technology
331368,Materials science and technology
328627,Materials science and technology
328482,Materials science and technology
334819,Materials science and technology
334818,Materials science and technology
318990,Mathematics
316965,Mathematics
314829,Mathematics
322795,Mathematics
323416,Mathematics
323099,Mathematics
321896,Mathematics
318217,Mathematics
332890,Mathematics
320016,Mathematics
316471,Mathematics
318091,Mathematics
318249,Mathematics
318130,Mathematics
317939,Mathematics
318171,Mathematics
326147,Mathematics
326150,Mathematics
334583,Mathematics
334242,Mathematics
334585,Mathematics
334434,Mathematics
334334,Mathematics
334393,Mathematics
334449,Mathematics
333436,Mathematics
333888,Mathematics
324219,Mathematics
315767,Mathematics
322441,Mathematics
331044,Mathematics
316106,Mechanical engineering and manufacturing technology
323831,Mechanical engineering and manufacturing technology
325911,Mechanical engineering and manufacturing technology
325910,Mechanical engineering and manufacturing technology
325108,Mechanical engineering and manufacturing technology
322085,Mechanical engineering and manufacturing technology
325509,Mechanical engineering and manufacturing technology
322007,Mechanical engineering and manufacturing technology
328368,Mechanical engineering and manufacturing technology
327069,Mechanical engineering and manufacturing technology
328265,Mechanical engineering and manufacturing technology
328239,Mechanical engineering and manufacturing technology
317428,Mechanical engineering and manufacturing technology
334645,Mechanical engineering and manufacturing technology
333671,Mechanical engineering and manufacturing technology
318390,Mechanical engineering and manufacturing technology
323217,Mechanical engineering and manufacturing technology
313396,Mechanical engineering and manufacturing technology
313397,Mechanical engineering and manufacturing technology
313393,Mechanical engineering and manufacturing technology
313395,Mechanical engineering and manufacturing technology
313394,Mechanical engineering and manufacturing technology
313398,Mechanical engineering and manufacturing technology
313349,Mechanical engineering and manufacturing technology
332751,Media and communication research
326622,Media and communication research
317596,Media and communication research
319373,Media and communication research
335776,Media and communication research
320895,Media and communication research
320323,Media and communication research
320279,Media and communication research
320781,Media and communication research
320286,Media and communication research
320779,Media and communication research
320677,Media and communication research
320280,Media and communication research
320891,Media and communication research
320694,Media and communication research
320278,Media and communication research
320780,Media and communication research
318433,Media and communication research
317556,Media and communication research
318069,Media and communication research
325291,Media and communication research
333460,Media and communication research
317915,Media and communication research
315926,Media and communication research
333547,Media and communication research
332231,Media and communication research
327392,Media and communication research
327397,Media and communication research
327394,Media and communication research
327391,Media and communication research
327396,Media and communication research
327395,Media and communication research
317042,Medical engineering
318347,Medical engineering
316258,Medical engineering
323509,Medical engineering
325097,Medical engineering
323507,Medical engineering
323508,Medical engineering
325082,Medical engineering
325326,Medical engineering
325146,Medical engineering
315820,Medical engineering
324994,Medical engineering
319440,Medical engineering
327326,Medical engineering
320135,Medical engineering
328920,Medical engineering
334773,Medical engineering
334771,Medical engineering
315809,Medical engineering
317356,Medical engineering
317526,Medical engineering
334531,Medical engineering
319330,Medical engineering
318281,Medical engineering
323536,Medical engineering
321631,Medical engineering
333254,Medical engineering
327640,Medical engineering
316151,"Meteorology and atmospheric sciences, climate research"
317390,"Meteorology and atmospheric sciences, climate research"
315497,"Meteorology and atmospheric sciences, climate research"
317999,"Meteorology and atmospheric sciences, climate research"
317373,"Meteorology and atmospheric sciences, climate research"
325647,"Meteorology and atmospheric sciences, climate research"
325656,"Meteorology and atmospheric sciences, climate research"
317380,"Meteorology and atmospheric sciences, climate research"
322532,"Meteorology and atmospheric sciences, climate research"
319397,"Meteorology and atmospheric sciences, climate research"
327180,"Meteorology and atmospheric sciences, climate research"
327253,"Meteorology and atmospheric sciences, climate research"
328290,"Meteorology and atmospheric sciences, climate research"
335319,"Meteorology and atmospheric sciences, climate research"
320094,"Meteorology and atmospheric sciences, climate research"
329025,"Meteorology and atmospheric sciences, climate research"
329274,"Meteorology and atmospheric sciences, climate research"
328823,"Meteorology and atmospheric sciences, climate research"
328616,"Meteorology and atmospheric sciences, climate research"
328617,"Meteorology and atmospheric sciences, climate research"
327227,"Meteorology and atmospheric sciences, climate research"
329049,"Meteorology and atmospheric sciences, climate research"
326328,"Meteorology and atmospheric sciences, climate research"
318647,"Meteorology and atmospheric sciences, climate research"
318646,"Meteorology and atmospheric sciences, climate research"
318645,"Meteorology and atmospheric sciences, climate research"
316843,"Meteorology and atmospheric sciences, climate research"
324478,"Meteorology and atmospheric sciences, climate research"
323262,"Meteorology and atmospheric sciences, climate research"
326184,"Meteorology and atmospheric sciences, climate research"
332943,"Meteorology and atmospheric sciences, climate research"
334625,"Meteorology and atmospheric sciences, climate research"
333581,"Meteorology and atmospheric sciences, climate research"
315424,"Meteorology and atmospheric sciences, climate research"
315203,"Meteorology and atmospheric sciences, climate research"
316114,"Meteorology and atmospheric sciences, climate research"
316939,"Meteorology and atmospheric sciences, climate research"
323255,"Meteorology and atmospheric sciences, climate research"
333255,"Meteorology and atmospheric sciences, climate research"
333901,"Meteorology and atmospheric sciences, climate research"
332950,Microbiology
331627,Microbiology
333178,Microbiology
330896,Microbiology
314939,Microbiology
316264,Microbiology
316708,Microbiology
322001,Microbiology
323237,Microbiology
325995,Microbiology
323156,Microbiology
323063,Microbiology
322817,Microbiology
325103,Microbiology
326020,Microbiology
318434,Microbiology
322753,Microbiology
331495,Microbiology
319292,Microbiology
328601,Microbiology
328791,Microbiology
328768,Microbiology
335762,Microbiology
335354,Microbiology
335246,Microbiology
319954,Microbiology
328850,Microbiology
336475,Microbiology
329251,Microbiology
329250,Microbiology
329252,Microbiology
324236,Microbiology
329031,Microbiology
318726,Microbiology
316093,Microbiology
318378,Microbiology
317362,Microbiology
323511,Microbiology
324397,Microbiology
323576,Microbiology
325144,Microbiology
324819,Microbiology
316338,Microbiology
315678,Microbiology
321985,Microbiology
323214,Microbiology
322204,Microbiology
330977,Microbiology
333276,Microbiology
332215,Microbiology
319676,Mining and minerals engineering
319691,Mining and minerals engineering
324592,Mining and minerals engineering
332354,Molecular and cellular neuroscience
315459,Molecular and cellular neuroscience
317711,Molecular and cellular neuroscience
317866,Molecular and cellular neuroscience
315460,Molecular and cellular neuroscience
324548,Molecular and cellular neuroscience
317038,Molecular and cellular neuroscience
333096,Molecular and cellular neuroscience
327224,Molecular and cellular neuroscience
319907,Molecular and cellular neuroscience
335956,Molecular and cellular neuroscience
334799,Molecular and cellular neuroscience
334800,Molecular and cellular neuroscience
314985,Molecular and cellular neuroscience
321698,Molecular and cellular neuroscience
331739,Molecular and cellular neuroscience
332693,Molecular and cellular neuroscience
315074,Municipal engineering
332331,Musicology
316912,Musicology
315303,Musicology
328476,Musicology
314651,Musicology
315378,Musicology
322289,Musicology
330868,Musicology
325495,Nanoscience and nanotechnology
322761,Nanoscience and nanotechnology
321713,Nanoscience and nanotechnology
323989,Nanoscience and nanotechnology
324352,Nanoscience and nanotechnology
324353,Nanoscience and nanotechnology
319245,Nanoscience and nanotechnology
319217,Nanoscience and nanotechnology
319687,Nanoscience and nanotechnology
319686,Nanoscience and nanotechnology
328112,Nanoscience and nanotechnology
328122,Nanoscience and nanotechnology
327727,Nanoscience and nanotechnology
328117,Nanoscience and nanotechnology
328118,Nanoscience and nanotechnology
328120,Nanoscience and nanotechnology
327722,Nanoscience and nanotechnology
328121,Nanoscience and nanotechnology
328119,Nanoscience and nanotechnology
319208,Nanoscience and nanotechnology
321914,Nanoscience and nanotechnology
330584,Nanoscience and nanotechnology
326126,Nanoscience and nanotechnology
323724,Nanoscience and nanotechnology
334414,Nanoscience and nanotechnology
315403,Nanoscience and nanotechnology
323728,Nanoscience and nanotechnology
325810,Nanoscience and nanotechnology
330214,Nanoscience and nanotechnology
333341,Neuroscience
332789,Neuroscience
332006,Neuroscience
333010,Neuroscience
330710,Neuroscience
318327,Neuroscience
317203,Neuroscience
325392,Neuroscience
326045,Neuroscience
323385,Neuroscience
330707,Neuroscience
334115,Neuroscience
328287,Neuroscience
335396,Neuroscience
335842,Neuroscience
335803,Neuroscience
335937,Neuroscience
334769,Neuroscience
321460,Neuroscience
331867,Neuroscience
332186,Neuroscience
319237,Neuroscience
327192,Neuroscience
334802,Neuroscience
334803,Neuroscience
334801,Neuroscience
334804,Neuroscience
324581,Neuroscience
331544,Neuroscience
333697,Neuroscience
321235,Neuroscience
333589,Neuroscience
331955,Neuroscience
333649,Neuroscience
316088,Nuclear engineering: fission and fusion
318314,Nuclear engineering: fission and fusion
330342,Nuclear engineering: fission and fusion
316206,Nursing science
324494,Nutrition
318197,"Optics, acoustics"
332399,"Optics, acoustics"
320168,"Optics, acoustics"
320167,"Optics, acoustics"
320166,"Optics, acoustics"
320165,"Optics, acoustics"
318345,"Optics, acoustics"
323268,"Optics, acoustics"
326204,"Optics, acoustics"
323053,"Optics, acoustics"
334270,"Optics, acoustics"
334365,"Optics, acoustics"
334552,"Optics, acoustics"
325608,"Optics, acoustics"
318524,Organic chemistry
321778,Organic chemistry
321551,Organic chemistry
319228,Organic chemistry
326486,Organic chemistry
319198,Organic chemistry
316237,Organic chemistry
324976,Organic chemistry
323859,Organic chemistry
333710,Organic chemistry
315558,Organic chemistry
315911,Organic chemistry
324854,Organic chemistry
319066,Particle and nuclear physics
318319,Particle and nuclear physics
318043,Particle and nuclear physics
321840,Particle and nuclear physics
322507,Particle and nuclear physics
322307,Particle and nuclear physics
314733,Particle and nuclear physics
324882,Particle and nuclear physics
331545,Particle and nuclear physics
327629,Particle and nuclear physics
320062,Particle and nuclear physics
328958,Particle and nuclear physics
320030,Particle and nuclear physics
320123,Particle and nuclear physics
317761,Particle and nuclear physics
333437,Particle and nuclear physics
314764,Particle and nuclear physics
323710,Particle and nuclear physics
330346,Particle and nuclear physics
333291,Pharmacy
332949,Pharmacy
333191,Pharmacy
330486,Pharmacy
326660,Pharmacy
315409,Pharmacy
315824,Pharmacy
317507,Pharmacy
325222,Pharmacy
321564,Pharmacy
333301,Pharmacy
328443,Pharmacy
328909,Pharmacy
336280,Pharmacy
319861,Pharmacy
320005,Pharmacy
319863,Pharmacy
319862,Pharmacy
319860,Pharmacy
326261,Pharmacy
317336,Pharmacy
330656,Pharmacy
331692,Pharmacy
315937,Pharmacy
318331,Pharmacy
325437,Pharmacy
317316,Pharmacy
322093,Pharmacy
322757,Pharmacy
322906,Pharmacy
322724,Pharmacy
332624,Pharmacy
333903,Pharmacy
332770,Pharmacy
320233,Pharmacy
320219,Pharmacy
320220,Pharmacy
320218,Pharmacy
320221,Pharmacy
320210,Pharmacy
331786,Philosophy
314878,Philosophy
318066,Philosophy
317276,Philosophy
323920,Philosophy
319933,Philosophy
328923,Philosophy
327185,Philosophy
316460,Philosophy
323054,Philosophy
332461,Philosophy
326575,Philosophy of science and methodology
316695,Philosophy of science and methodology
332686,Philosophy of science and methodology
328341,Philosophy of science and methodology
336324,Philosophy of science and methodology
330524,Philosophy of science and methodology
335588,Phonetics
317903,Physical chemistry
315600,Physical chemistry
326429,Physical chemistry
316893,Physical chemistry
314821,Physical chemistry
325250,Physical chemistry
323996,Physical chemistry
325369,Physical chemistry
322896,Physical chemistry
322899,Physical chemistry
323995,Physical chemistry
325003,Physical chemistry
325002,Physical chemistry
323480,Physical chemistry
315739,Physical chemistry
331207,Physical chemistry
319216,Physical chemistry
320071,Physical chemistry
329483,Physical chemistry
333620,Physical chemistry
316168,Physical chemistry
316180,Physical chemistry
323669,Physical chemistry
332294,Physical chemistry
334828,Physical chemistry
314862,Physics
317118,Physics
315855,Physics
315179,Physics
317139,Physics
317141,Physics
322405,Physics
330283,Physics
328389,Physics
328467,Physics
312299,Physics
312295,Physics
312058,Physics
312300,Physics
312296,Physics
312057,Physics
312294,Physics
312297,Physics
312059,Physics
318987,Physics
320029,Physics
317158,Physics
317147,Physics
318596,Physics
317671,Physics
324735,Physics
324734,Physics
334213,Physics
332263,Physics
331220,Physics
334051,Physics
331687,Physics
330557,Physics
318196,Physics
317920,Physics
318546,Physics
323052,Physics
333430,Physics
334016,Physics
334470,Physics
316899,Physics
326455,Physics
315121,Physics
317844,Physics
322120,Physics
321701,Physics
326000,Physics
321540,Physics
330911,Physics
334514,Physics
328193,Physics
332811,Plant biology
334184,Plant biology
333421,Plant biology
315119,Plant biology
317306,Plant biology
317218,Plant biology
316544,Plant biology
314961,Plant biology
322410,Plant biology
322690,Plant biology
321616,Plant biology
323917,Plant biology
331172,Plant biology
333703,Plant biology
335972,Plant biology
336359,Plant biology
316326,Plant biology
316916,Plant biology
316032,Plant biology
317715,Plant biology
317718,Plant biology
317391,Plant biology
316472,Plant biology
314883,Plant biology
315467,Plant biology
315757,Plant biology
318395,Plant biology
318496,Plant biology
317358,Plant biology
317652,Plant biology
316477,Plant biology
330083,Plant biology
327409,Plant biology
326036,Plant biology
325122,Plant biology
331853,Plant biology
333013,Political science
316443,Political science
316239,Political science
323608,Political science
316897,Political science
319265,Political science
327557,Political science
319883,Political science
336331,Political science
329969,Political science
329967,Political science
329968,Political science
327997,Political science
327999,Political science
328000,Political science
320275,Political science
330910,Political science
318607,Political science
318009,Political science
322224,Political science
330470,Political science
322254,Political science
326168,Political science
331780,Political science
330023,Political science
314669,Polymer chemistry
314671,Polymer chemistry
314672,Polymer chemistry
322214,Polymer chemistry
316153,Polymer chemistry
323414,Polymer chemistry
330579,Polymer chemistry
327251,Polymer chemistry
327813,Polymer chemistry
327248,Polymer chemistry
327252,Polymer chemistry
330181,Polymer materials
317044,Polymer materials
320098,Polymer materials
318608,Polymer materials
334244,Polymer materials
326453,Polymer materials
317630,Polymer materials
331015,Polymer materials
333873,Practical philosophy
321903,Practical philosophy
325620,Practical philosophy
318954,Practical philosophy
330860,Practical philosophy
330388,Process control and control engineering
326667,Process technology
316483,Process technology
330158,Psychology
332225,Psychology
315963,Psychology
316966,Psychology
323541,Psychology
323251,Psychology
325694,Psychology
325693,Psychology
322035,Psychology
324596,Psychology
324638,Psychology
321522,Psychology
321424,Psychology
314639,Psychology
316004,Psychology
321232,Psychology
325981,Psychology
334057,Psychology
330206,Psychology
334192,Psychology
319403,Psychology
319404,Psychology
328594,Psychology
327996,Psychology
320109,Psychology
319870,Psychology
328674,Psychology
328954,Psychology
335901,Psychology
336209,Psychology
336368,Psychology
326066,Psychology
315035,Psychology
323845,Psychology
330391,Psychology
330960,Psychology
332916,Public administration
333984,Public administration
332466,Public health research
332731,Public health research
332465,Public health research
330185,Public health research
332030,Public health research
332464,Public health research
330527,Public health research
316090,Public health research
315817,Public health research
315690,Public health research
317465,Public health research
315343,Public health research
315816,Public health research
315818,Public health research
321409,Public health research
321356,Public health research
321838,Public health research
321351,Public health research
322112,Public health research
319200,Public health research
319318,Public health research
319246,Public health research
335589,Public health research
328833,Public health research
329223,Public health research
329224,Public health research
329222,Public health research
329225,Public health research
329226,Public health research
318573,Public health research
325702,Public health research
323882,Public health research
326404,Public health research
315985,Public health research
321625,Public health research
334419,Public health research
312705,Public health research
312703,Public health research
312707,Public health research
312708,Public health research
312704,Public health research
314789,Pure mathematics
323960,Pure mathematics
322218,Pure mathematics
322898,Pure mathematics
321696,Pure mathematics
324435,Pure mathematics
332740,Pure mathematics
330525,Pure mathematics
319205,Pure mathematics
319180,Pure mathematics
327271,Pure mathematics
328846,Pure mathematics
328987,Pure mathematics
318414,Pure mathematics
325566,Pure mathematics
325757,Pure mathematics
332900,Pure mathematics
314790,Pure mathematics
324921,Pure mathematics
330048,Pure mathematics
322256,Remote sensing
324091,Remote sensing
330422,Remote sensing
324756,Science studies
319962,Science studies
328684,Science studies
326561,Science studies
317702,Science studies
317341,Signal processing
321881,Signal processing
326481,Signal processing
314602,Signal processing
332063,Signal processing
326480,Signal processing
320053,Signal processing
326288,Signal processing
319822,Signal processing
316856,"Social and cultural geography, urban studies, regional studies"
319855,"Social and cultural geography, urban studies, regional studies"
325771,"Social and cultural geography, urban studies, regional studies"
322407,"Social and cultural geography, urban studies, regional studies"
325773,"Social and cultural geography, urban studies, regional studies"
326648,"Social and cultural geography, urban studies, regional studies"
314818,"Social and cultural geography, urban studies, regional studies"
315141,"Social and cultural geography, urban studies, regional studies"
327800,"Social and cultural geography, urban studies, regional studies"
327802,"Social and cultural geography, urban studies, regional studies"
327801,"Social and cultural geography, urban studies, regional studies"
327803,"Social and cultural geography, urban studies, regional studies"
327061,"Social policy, social work"
326567,"Social policy, social work"
312311,"Social policy, social work"
312303,"Social policy, social work"
312367,"Social policy, social work"
312310,"Social policy, social work"
322639,"Social policy, social work"
332192,Social psychology
323125,Social psychology
335523,Social psychology
328802,Social psychology
321608,Social psychology
319090,Social sciences
319113,Social sciences
330573,Social sciences
332431,Social sciences
332430,Social sciences
333447,Social sciences
332993,Social sciences
331067,Social sciences
331400,Social sciences
330574,Social sciences
317303,Social sciences
314749,Social sciences
318341,Social sciences
325768,Social sciences
324621,Social sciences
324094,Social sciences
325253,Social sciences
325857,Social sciences
324322,Social sciences
325813,Social sciences
316941,Social sciences
322667,Social sciences
323488,Social sciences
332674,Social sciences
332905,Social sciences
333153,Social sciences
326545,Social sciences
319399,Social sciences
326549,Social sciences
319304,Social sciences
328717,Social sciences
336232,Social sciences
336141,Social sciences
336224,Social sciences
329202,Social sciences
329200,Social sciences
329201,Social sciences
318953,Social sciences
319319,Social sciences
328218,Social sciences
319183,Social sciences
320239,Social sciences
320248,Social sciences
320372,Social sciences
320373,Social sciences
320371,Social sciences
320370,Social sciences
317799,Social sciences
317414,Social sciences
318560,Social sciences
322672,Social sciences
325919,Social sciences
334435,Social sciences
314349,Social sciences
326646,Social sciences
317448,Social sciences
326645,Social sciences
318008,Social sciences
326649,Social sciences
317046,Social sciences
323149,Social sciences
321972,Social sciences
322003,Social sciences
327243,Social sciences
327145,Social sciences
327241,Social sciences
327148,Social sciences
327147,Social sciences
327242,Social sciences
327169,Social sciences
327226,Social sciences
327244,Social sciences
327867,Social sciences
327149,Social sciences
327150,Social sciences
327237,Social sciences
327768,Social sciences
327161,Social sciences
327771,Social sciences
327770,Social sciences
327769,Social sciences
326234,Social sciences
334786,Social sciences
331817,"Sociology, demography"
331816,"Sociology, demography"
316595,"Sociology, demography"
314935,"Sociology, demography"
316445,"Sociology, demography"
317808,"Sociology, demography"
316545,"Sociology, demography"
324613,"Sociology, demography"
321264,"Sociology, demography"
316247,"Sociology, demography"
335698,"Sociology, demography"
319948,"Sociology, demography"
328809,"Sociology, demography"
318368,"Sociology, demography"
325449,"Sociology, demography"
323799,"Sociology, demography"
332863,"Sociology, demography"
317657,"Software engineering, operating systems, man-computer interaction"
318559,"Software engineering, operating systems, man-computer interaction"
326415,"Software engineering, operating systems, man-computer interaction"
316804,"Software engineering, operating systems, man-computer interaction"
316805,"Software engineering, operating systems, man-computer interaction"
321839,"Software engineering, operating systems, man-computer interaction"
322653,"Software engineering, operating systems, man-computer interaction"
320089,"Software engineering, operating systems, man-computer interaction"
328058,"Software engineering, operating systems, man-computer interaction"
328738,"Software engineering, operating systems, man-computer interaction"
328737,"Software engineering, operating systems, man-computer interaction"
323529,"Software engineering, operating systems, man-computer interaction"
323530,"Software engineering, operating systems, man-computer interaction"
323498,"Software engineering, operating systems, man-computer interaction"
320767,"Software engineering, operating systems, man-computer interaction"
320766,"Software engineering, operating systems, man-computer interaction"
318452,"Software engineering, operating systems, man-computer interaction"
314808,"Software engineering, operating systems, man-computer interaction"
316552,"Software engineering, operating systems, man-computer interaction"
334567,"Software engineering, operating systems, man-computer interaction"
316292,Solar system physics and planetary science
325806,Solar system physics and planetary science
324163,Solar system physics and planetary science
325805,Solar system physics and planetary science
324161,Solar system physics and planetary science
319459,Solar system physics and planetary science
328654,Solar system physics and planetary science
321722,"Solar, stellar and interstellar matter physics"
314664,Space Physics
314670,Space Physics
321882,Space Physics
321440,Space Physics
322544,Space Physics
328893,Space Physics
312356,Space Physics
312390,Space Physics
312351,Space Physics
312358,Space Physics
312357,Space Physics
316223,Space Physics
330103,Space Physics
316046,Space Physics
316991,Space Physics
315716,Space Physics
314982,Space Physics
322360,Space Physics
324025,Space Physics
331895,Space Physics
331880,Space Physics
330783,Space Physics
330427,Space Physics
322455,Space Physics
322459,Space Physics
333859,Space Physics
330369,Special education
330371,Special education
324641,Special education
325020,Special education
317030,Special education
319911,Special education
318416,"Speech communication, organisational communication"
317332,Sport sciences
323168,Sport sciences
323473,Sport sciences
323472,Sport sciences
324243,Sport sciences
321336,Sport sciences
335802,Sport sciences
329001,Sport sciences
328818,Sport sciences
323032,Sport sciences
317255,Statistics
315619,Statistics
319181,Statistics
327211,Statistics
325990,Statistics
331377,Statistics
321883,Statistics
335077,Statistics
333532,Statistics
330872,Systematic theology
316726,Systematic theology
314707,Systematic theology
328547,Systematic theology
332239,Systemic and cognitive neuroscience
332311,Systemic and cognitive neuroscience
332309,Systemic and cognitive neuroscience
332312,Systemic and cognitive neuroscience
315043,Systemic and cognitive neuroscience
315553,Systemic and cognitive neuroscience
316970,Systemic and cognitive neuroscience
325404,Systemic and cognitive neuroscience
327288,Systemic and cognitive neuroscience
327778,Systemic and cognitive neuroscience
335930,Systemic and cognitive neuroscience
315861,Systemic and cognitive neuroscience
332622,Systemic and cognitive neuroscience
321542,Systemic and cognitive neuroscience
323425,Systemic and cognitive neuroscience
322114,Systemic and cognitive neuroscience
331847,"Systems biology, bioinformatics"
321550,"Systems biology, bioinformatics"
321553,"Systems biology, bioinformatics"
322681,"Systems biology, bioinformatics"
325956,"Systems biology, bioinformatics"
317680,"Systems biology, bioinformatics"
322675,"Systems biology, bioinformatics"
322595,"Systems biology, bioinformatics"
330407,"Systems biology, bioinformatics"
332510,"Systems biology, bioinformatics"
319303,"Systems biology, bioinformatics"
335611,"Systems biology, bioinformatics"
328890,"Systems biology, bioinformatics"
328877,"Systems biology, bioinformatics"
335858,"Systems biology, bioinformatics"
319968,"Systems biology, bioinformatics"
328518,"Systems biology, bioinformatics"
323171,"Systems biology, bioinformatics"
322927,"Systems biology, bioinformatics"
325999,"Systems biology, bioinformatics"
332055,"Systems biology, bioinformatics"
319002,Technical chemistry
329977,Technical chemistry
329978,Technical chemistry
320115,Technical chemistry
333553,Technical chemistry
330078,Technical chemistry
314888,Theoretical computer science
322488,Theoretical philosophy
325460,Theoretical philosophy
315673,Veterinary medicine
332691,Veterinary medicine
320863,Women and gender studies
334218,Women and gender studies
322612,Women and gender studies
326546,Women and gender studies
315067,Women and gender studies
321711,Women and gender studies
319354,Women and gender studies
327120,Women and gender studies
328739,Women and gender studies
316287,Women and gender studies
324062,Women and gender studies
330441,Women and gender studies
331177,Women and gender studies
333953,Wood and paper materials
315768,Wood and paper materials
330087,Wood and paper materials
335539,Work and organisational psychology
335775,Work and organisational psychology
